[{"Oid":"{0288eed0-b4c6-4eb2-a2a9-1f611fa729e8}", "FolderName":"DockLayoutManager:CompaniesList-DockLayoutManager", "Data":"\ufeff<XtraSerializer version=\"1.0\" application=\"DockLayoutManager\">\r\n  <property name=\"#LayoutVersion\" isnull=\"true\" />\r\n  <property name=\"$DockLayoutManager\" iskey=\"true\" value=\"DockLayoutManager\">\r\n    <property name=\"ManualClosedPanelsBarVisibility\">false</property>\r\n    <property name=\"Items\" iskey=\"true\" value=\"2\">\r\n      <property name=\"Item1\" isnull=\"true\" iskey=\"true\">\r\n        <property name=\"Background\">#00FFFFFF</property>\r\n        <property name=\"ParentCollectionName\" isnull=\"true\" />\r\n        <property name=\"SerializableDockSituation\" iskey=\"true\" value=\"0\" />\r\n        <property name=\"TypeName\">LayoutGroup</property>\r\n        <property name=\"ParentName\" isnull=\"true\" />\r\n        <property name=\"Orientation\">Vertical</property>\r\n        <property name=\"SerializableSelectedTabPageIndex\">-1</property>\r\n        <property name=\"Name\">dockItem1</property>\r\n      </property>\r\n      <property name=\"Item2\" isnull=\"true\" iskey=\"true\">\r\n        <property name=\"ShowCaption\">false</property>\r\n        <property name=\"ParentCollectionName\" isnull=\"true\" />\r\n        <property name=\"ParentName\">dockItem1</property>\r\n        <property name=\"TypeName\">LayoutPanel</property>\r\n        <property name=\"SerializableDockSituation\" iskey=\"true\" value=\"0\" />\r\n        <property name=\"SerializableFloatingOffset\">0,0</property>\r\n        <property name=\"Background\">#00FFFFFF</property>\r\n        <property name=\"ShowBorder\">false</property>\r\n        <property name=\"Name\">dockItem2</property>\r\n        <property name=\"Caption\" type=\"System.String\">Companies</property>\r\n      </property>\r\n    </property>\r\n  </property>\r\n</XtraSerializer>"},
 {"Oid":"{0314FF28-D94C-44AE-9884-C5FA184E326D}", "FolderName":"GridControl:CurrentCustomerRentsEdit-ReceiptsGrid", "Data":""},
 {"Oid":"{03A606A2-4AC8-4034-8A04-06E810C12A57}", "FolderName":"RibbonControl:MainWindow-RibbonControl", "Data":"<Null>_\\x_mscorlib, Version=4.0.0.0, Culture=neutral, PublicKeyToken=b77a5c561934e089_\\\\\\x_System.String_\\\\\\x_DevE\\\\\\\\\\\\\\\\\\\\\\\\\\\\\\\\\\\\\\\\\\\\\\\\\\\\\\\\\\\\\\xpress.Xpf.Core.v13.1, Version=13.1.5.0, Culture=neutral, PublicKeyToken=b88d1754d700e49a_\\\\\\\\\\\\\\\\\\\\\\\\\\\\\\x_DevE\\\\\\\\\\\\\\\\\\\\\\\\\\\\\\\\\\\\\\\\\\\\\\\\\\\\\\\\\\\\\\xpress.Xpf.Bars.BarButtonItem_\\\\\\\\\\\\\\x_mscorlib, Version=4.0.0.0, Culture=neutral, PublicKeyToken=b77a5c561934e089_\\\\\\\\\\\\\\\\\\\\\\\\\\\\\\x_System.String_\\\\\\\\\\\\\\\\\\\\\\\\\\\\\\x_Refresh_\\\\\\\\\\\\\\x_eDevE\\\\\\\\\\\\\\\\\\\\\\\\\\\\\\xpress.VideoRent.Resources, Version=1.0.0.0, Culture=neutral, PublicKeyToken=null\\\\\\\\\\\\\\\\\\\\\\\\\\\\\\\\/SingleImages/Refresh_16\\\\\\\\\\\\\\\\\\\\\\\\\\\\\\x16.png\\\\\\\\\\\\\\\\\\\\\\\\\\\\\\\\/True_\\\\\\\\\\\\\\x_eDevE\\\\\\\\\\\\\\\\\\\\\\\\\\\\\\xpress.VideoRent.Resources, Version=1.0.0.0, Culture=neutral, PublicKeyToken=null\\\\\\\\\\\\\\\\\\\\\\\\\\\\\\\\/SingleImages/Refresh_32\\\\\\\\\\\\\\\\\\\\\\\\\\\\\\x32.png\\\\\\\\\\\\\\\\\\\\\\\\\\\\\\\\/True_\\\\\\\\\\\\\\x_<Null>_\\\\\\\\\\\\\\x_PresentationFramework, Version=4.0.0.0, Culture=neutral, PublicKeyToken=31bf3856ad364e35_\\\\\\\\\\\\\\\\\\\\\\\\\\\\\\x_System.Windows.Controls.Dock_\\\\\\\\\\\\\\\\\\\\\\\\\\\\\\x_Left_\\\\\\\\\\\\\\x_<Null>_x_<Null>_\\x_mscorlib, Version=4.0.0.0, Culture=neutral, PublicKeyToken=b77a5c561934e089_\\\\\\x_System.String_\\\\\\x_DevE\\\\\\\\\\\\\\\\\\\\\\\\\\\\\\\\\\\\\\\\\\\\\\\\\\\\\\\\\\\\\\xpress.Xpf.Core.v13.1, Version=13.1.5.0, Culture=neutral, PublicKeyToken=b88d1754d700e49a_\\\\\\\\\\\\\\\\\\\\\\\\\\\\\\x_DevE\\\\\\\\\\\\\\\\\\\\\\\\\\\\\\\\\\\\\\\\\\\\\\\\\\\\\\\\\\\\\\xpress.Xpf.Bars.BarButtonItem_\\\\\\\\\\\\\\x_mscorlib, Version=4.0.0.0, Culture=neutral, PublicKeyToken=b77a5c561934e089_\\\\\\\\\\\\\\\\\\\\\\\\\\\\\\x_System.String_\\\\\\\\\\\\\\\\\\\\\\\\\\\\\\x_Close Detail Views_\\\\\\\\\\\\\\x_eDevE\\\\\\\\\\\\\\\\\\\\\\\\\\\\\\xpress.VideoRent.Resources, Version=1.0.0.0, Culture=neutral, PublicKeyToken=null\\\\\\\\\\\\\\\\\\\\\\\\\\\\\\\\/SingleImages/CloseDetails_16\\\\\\\\\\\\\\\\\\\\\\\\\\\\\\x16.png\\\\\\\\\\\\\\\\\\\\\\\\\\\\\\\\/True_\\\\\\\\\\\\\\x_eDevE\\\\\\\\\\\\\\\\\\\\\\\\\\\\\\xpress.VideoRent.Resources, Version=1.0.0.0, Culture=neutral, PublicKeyToken=null\\\\\\\\\\\\\\\\\\\\\\\\\\\\\\\\/SingleImages/CloseDetails_32\\\\\\\\\\\\\\\\\\\\\\\\\\\\\\x32.png\\\\\\\\\\\\\\\\\\\\\\\\\\\\\\\\/True_\\\\\\\\\\\\\\x_<Null>_\\\\\\\\\\\\\\x_PresentationFramework, Version=4.0.0.0, Culture=neutral, PublicKeyToken=31bf3856ad364e35_\\\\\\\\\\\\\\\\\\\\\\\\\\\\\\x_System.Windows.Controls.Dock_\\\\\\\\\\\\\\\\\\\\\\\\\\\\\\x_Left_\\\\\\\\\\\\\\x_<Null>_x_<Null>_\\x_mscorlib, Version=4.0.0.0, Culture=neutral, PublicKeyToken=b77a5c561934e089_\\\\\\x_System.String_\\\\\\x_DevE\\\\\\\\\\\\\\\\\\\\\\\\\\\\\\\\\\\\\\\\\\\\\\\\\\\\\\\\\\\\\\xpress.Xpf.Core.v13.1, Version=13.1.5.0, Culture=neutral, PublicKeyToken=b88d1754d700e49a_\\\\\\\\\\\\\\\\\\\\\\\\\\\\\\x_DevE\\\\\\\\\\\\\\\\\\\\\\\\\\\\\\\\\\\\\\\\\\\\\\\\\\\\\\\\\\\\\\xpress.Xpf.Bars.BarButtonItem_\\\\\\\\\\\\\\x_mscorlib, Version=4.0.0.0, Culture=neutral, PublicKeyToken=b77a5c561934e089_\\\\\\\\\\\\\\\\\\\\\\\\\\\\\\x_System.String_\\\\\\\\\\\\\\\\\\\\\\\\\\\\\\x_Edit_\\\\\\\\\\\\\\x_eDevE\\\\\\\\\\\\\\\\\\\\\\\\\\\\\\xpress.VideoRent.Resources, Version=1.0.0.0, Culture=neutral, PublicKeyToken=null\\\\\\\\\\\\\\\\\\\\\\\\\\\\\\\\/SingleImages/Edit_16\\\\\\\\\\\\\\\\\\\\\\\\\\\\\\x16.png\\\\\\\\\\\\\\\\\\\\\\\\\\\\\\\\/True_\\\\\\\\\\\\\\x_eDevE\\\\\\\\\\\\\\\\\\\\\\\\\\\\\\xpress.VideoRent.Resources, Version=1.0.0.0, Culture=neutral, PublicKeyToken=null\\\\\\\\\\\\\\\\\\\\\\\\\\\\\\\\/SingleImages/Edit_32\\\\\\\\\\\\\\\\\\\\\\\\\\\\\\x32.png\\\\\\\\\\\\\\\\\\\\\\\\\\\\\\\\/True_\\\\\\\\\\\\\\x_<Null>_\\\\\\\\\\\\\\x_PresentationFramework, Version=4.0.0.0, Culture=neutral, PublicKeyToken=31bf3856ad364e35_\\\\\\\\\\\\\\\\\\\\\\\\\\\\\\x_System.Windows.Controls.Dock_\\\\\\\\\\\\\\\\\\\\\\\\\\\\\\x_Left_\\\\\\\\\\\\\\x_<Null>_x_<Null>_\\x_mscorlib, Version=4.0.0.0, Culture=neutral, PublicKeyToken=b77a5c561934e089_\\\\\\x_System.String_\\\\\\x_DevE\\\\\\\\\\\\\\\\\\\\\\\\\\\\\\\\\\\\\\\\\\\\\\\\\\\\\\\\\\\\\\xpress.Xpf.Core.v13.1, Version=13.1.5.0, Culture=neutral, PublicKeyToken=b88d1754d700e49a_\\\\\\\\\\\\\\\\\\\\\\\\\\\\\\x_DevE\\\\\\\\\\\\\\\\\\\\\\\\\\\\\\\\\\\\\\\\\\\\\\\\\\\\\\\\\\\\\\xpress.Xpf.Bars.BarButtonItem_\\\\\\\\\\\\\\x_<Null>_\\\\\\\\\\\\\\x_eDevE\\\\\\\\\\\\\\\\\\\\\\\\\\\\\\xpress.VideoRent.Resources, Version=1.0.0.0, Culture=neutral, PublicKeyToken=null\\\\\\\\\\\\\\\\\\\\\\\\\\\\\\\\/SingleImages/Home_16\\\\\\\\\\\\\\\\\\\\\\\\\\\\\\x16.png\\\\\\\\\\\\\\\\\\\\\\\\\\\\\\\\/True_\\\\\\\\\\\\\\x_eDevE\\\\\\\\\\\\\\\\\\\\\\\\\\\\\\xpress.VideoRent.Resources, Version=1.0.0.0, Culture=neutral, PublicKeyToken=null\\\\\\\\\\\\\\\\\\\\\\\\\\\\\\\\/SingleImages/Home_32\\\\\\\\\\\\\\\\\\\\\\\\\\\\\\x32.png\\\\\\\\\\\\\\\\\\\\\\\\\\\\\\\\/True_\\\\\\\\\\\\\\x_<Null>_\\\\\\\\\\\\\\x_PresentationFramework, Version=4.0.0.0, Culture=neutral, PublicKeyToken=31bf3856ad364e35_\\\\\\\\\\\\\\\\\\\\\\\\\\\\\\x_System.Windows.Controls.Dock_\\\\\\\\\\\\\\\\\\\\\\\\\\\\\\x_Left_\\\\\\\\\\\\\\x_mscorlib, Version=4.0.0.0, Culture=neutral, PublicKeyToken=b77a5c561934e089_\\\\\\\\\\\\\\\\\\\\\\\\\\\\\\x_System.String_\\\\\\\\\\\\\\\\\\\\\\\\\\\\\\x_Home_x_<Null>_\\x_mscorlib, Version=4.0.0.0, Culture=neutral, PublicKeyToken=b77a5c561934e089_\\\\\\x_System.String_\\\\\\x_DevE\\\\\\\\\\\\\\\\\\\\\\\\\\\\\\\\\\\\\\\\\\\\\\\\\\\\\\\\\\\\\\xpress.Xpf.Core.v13.1, Version=13.1.5.0, Culture=neutral, PublicKeyToken=b88d1754d700e49a_\\\\\\\\\\\\\\\\\\\\\\\\\\\\\\x_DevE\\\\\\\\\\\\\\\\\\\\\\\\\\\\\\\\\\\\\\\\\\\\\\\\\\\\\\\\\\\\\\xpress.Xpf.Bars.BarButtonItem_\\\\\\\\\\\\\\x_mscorlib, Version=4.0.0.0, Culture=neutral, PublicKeyToken=b77a5c561934e089_\\\\\\\\\\\\\\\\\\\\\\\\\\\\\\x_System.String_\\\\\\\\\\\\\\\\\\\\\\\\\\\\\\x_Save_\\\\\\\\\\\\\\x_eDevE\\\\\\\\\\\\\\\\\\\\\\\\\\\\\\xpress.VideoRent.Resources, Version=1.0.0.0, Culture=neutral, PublicKeyToken=null\\\\\\\\\\\\\\\\\\\\\\\\\\\\\\\\/SingleImages/Save_16\\\\\\\\\\\\\\\\\\\\\\\\\\\\\\x16.png\\\\\\\\\\\\\\\\\\\\\\\\\\\\\\\\/True_\\\\\\\\\\\\\\x_eDevE\\\\\\\\\\\\\\\\\\\\\\\\\\\\\\xpress.VideoRent.Resources, Version=1.0.0.0, Culture=neutral, PublicKeyToken=null\\\\\\\\\\\\\\\\\\\\\\\\\\\\\\\\/SingleImages/Save_32\\\\\\\\\\\\\\\\\\\\\\\\\\\\\\x32.png\\\\\\\\\\\\\\\\\\\\\\\\\\\\\\\\/True_\\\\\\\\\\\\\\x_<Null>_\\\\\\\\\\\\\\x_PresentationFramework, Version=4.0.0.0, Culture=neutral, PublicKeyToken=31bf3856ad364e35_\\\\\\\\\\\\\\\\\\\\\\\\\\\\\\x_System.Windows.Controls.Dock_\\\\\\\\\\\\\\\\\\\\\\\\\\\\\\x_Left_\\\\\\\\\\\\\\x_<Null>_x_<Null>_\\x_mscorlib, Version=4.0.0.0, Culture=neutral, PublicKeyToken=b77a5c561934e089_\\\\\\x_System.String_\\\\\\x_DevE\\\\\\\\\\\\\\\\\\\\\\\\\\\\\\\\\\\\\\\\\\\\\\\\\\\\\\\\\\\\\\xpress.Xpf.Core.v13.1, Version=13.1.5.0, Culture=neutral, PublicKeyToken=b88d1754d700e49a_\\\\\\\\\\\\\\\\\\\\\\\\\\\\\\x_DevE\\\\\\\\\\\\\\\\\\\\\\\\\\\\\\\\\\\\\\\\\\\\\\\\\\\\\\\\\\\\\\xpress.Xpf.Bars.BarButtonItem_\\\\\\\\\\\\\\x_mscorlib, Version=4.0.0.0, Culture=neutral, PublicKeyToken=b77a5c561934e089_\\\\\\\\\\\\\\\\\\\\\\\\\\\\\\x_System.String_\\\\\\\\\\\\\\\\\\\\\\\\\\\\\\x_Save and Close_\\\\\\\\\\\\\\x_eDevE\\\\\\\\\\\\\\\\\\\\\\\\\\\\\\xpress.VideoRent.Resources, Version=1.0.0.0, Culture=neutral, PublicKeyToken=null\\\\\\\\\\\\\\\\\\\\\\\\\\\\\\\\/SingleImages/SaveAndClose_16\\\\\\\\\\\\\\\\\\\\\\\\\\\\\\x16.png\\\\\\\\\\\\\\\\\\\\\\\\\\\\\\\\/True_\\\\\\\\\\\\\\x_eDevE\\\\\\\\\\\\\\\\\\\\\\\\\\\\\\xpress.VideoRent.Resources, Version=1.0.0.0, Culture=neutral, PublicKeyToken=null\\\\\\\\\\\\\\\\\\\\\\\\\\\\\\\\/SingleImages/SaveAndClose_32\\\\\\\\\\\\\\\\\\\\\\\\\\\\\\x32.png\\\\\\\\\\\\\\\\\\\\\\\\\\\\\\\\/True_\\\\\\\\\\\\\\x_<Null>_\\\\\\\\\\\\\\x_PresentationFramework, Version=4.0.0.0, Culture=neutral, PublicKeyToken=31bf3856ad364e35_\\\\\\\\\\\\\\\\\\\\\\\\\\\\\\x_System.Windows.Controls.Dock_\\\\\\\\\\\\\\\\\\\\\\\\\\\\\\x_Left_\\\\\\\\\\\\\\x_<Null>_x_<Null>_\\x_mscorlib, Version=4.0.0.0, Culture=neutral, PublicKeyToken=b77a5c561934e089_\\\\\\x_System.String_\\\\\\x_DevE\\\\\\\\\\\\\\\\\\\\\\\\\\\\\\\\\\\\\\\\\\\\\\\\\\\\\\\\\\\\\\xpress.Xpf.Core.v13.1, Version=13.1.5.0, Culture=neutral, PublicKeyToken=b88d1754d700e49a_\\\\\\\\\\\\\\\\\\\\\\\\\\\\\\x_DevE\\\\\\\\\\\\\\\\\\\\\\\\\\\\\\\\\\\\\\\\\\\\\\\\\\\\\\\\\\\\\\xpress.Xpf.Bars.BarButtonItem_\\\\\\\\\\\\\\x_mscorlib, Version=4.0.0.0, Culture=neutral, PublicKeyToken=b77a5c561934e089_\\\\\\\\\\\\\\\\\\\\\\\\\\\\\\x_System.String_\\\\\\\\\\\\\\\\\\\\\\\\\\\\\\x_Close_\\\\\\\\\\\\\\x_eDevE\\\\\\\\\\\\\\\\\\\\\\\\\\\\\\xpress.VideoRent.Resources, Version=1.0.0.0, Culture=neutral, PublicKeyToken=null\\\\\\\\\\\\\\\\\\\\\\\\\\\\\\\\/SingleImages/Close_16\\\\\\\\\\\\\\\\\\\\\\\\\\\\\\x16.png\\\\\\\\\\\\\\\\\\\\\\\\\\\\\\\\/True_\\\\\\\\\\\\\\x_eDevE\\\\\\\\\\\\\\\\\\\\\\\\\\\\\\xpress.VideoRent.Resources, Version=1.0.0.0, Culture=neutral, PublicKeyToken=null\\\\\\\\\\\\\\\\\\\\\\\\\\\\\\\\/SingleImages/Close_32\\\\\\\\\\\\\\\\\\\\\\\\\\\\\\x32.png\\\\\\\\\\\\\\\\\\\\\\\\\\\\\\\\/True_\\\\\\\\\\\\\\x_<Null>_\\\\\\\\\\\\\\x_PresentationFramework, Version=4.0.0.0, Culture=neutral, PublicKeyToken=31bf3856ad364e35_\\\\\\\\\\\\\\\\\\\\\\\\\\\\\\x_System.Windows.Controls.Dock_\\\\\\\\\\\\\\\\\\\\\\\\\\\\\\x_Left_\\\\\\\\\\\\\\x_<Null>"},
 {"Oid":"{07B54024-0102-4FBE-B65D-01B6DBE5C240}", "FolderName":"GridControl:MoviesEdit-MoviesGrid", "Data":""},
 {"Oid":"{195ecf54-60cf-48c9-99f1-dd3991933934}", "FolderName":"LayoutControl:CompanyEdit-MainLayoutControl", "Data":"\ufeff<?xml version=\"1.0\" encoding=\"utf-8\"?><LayoutControl ID=\"MainLayoutControl\" Orientation=\"Vertical\" Padding=\"0\"><LayoutGroup Orientation=\"Horizontal\"><LayoutGroup Orientation=\"Vertical\"><Element ID=\"2\" Label=\"Name:\" /><Element ID=\"3\" Label=\"Type:\" /><Element ID=\"4\" Label=\"WebSite:\" /><Element ID=\"5\" Label=\"Country:\" /></LayoutGroup><Element ID=\"7\" HorizontalAlignment=\"Right\" VerticalAlignment=\"Center\" /></LayoutGroup><LayoutGroup ID=\"9\" Header=\"Movies\" Padding=\"-11\" View=\"GroupBox\" VerticalAlignment=\"Stretch\"><Element ID=\"MoviesAssociationsGrid\" /></LayoutGroup><AvailableItems /></LayoutControl>"},
 {"Oid":"{2B0BC5E8-C43B-4664-ACA9-76E7B99EFCD9}", "FolderName":"DockLayoutManager:ArtistsList-DockLayoutManager", "Data":""},
 {"Oid":"{2bfdd25b-e70e-44be-b270-b542fcd00100}", "FolderName":"GridControl:ArtistsEdit-ArtistsGrid", "Data":""},
 {"Oid":"{40A3E8DD-92A1-4D95-8B14-BECCE3040FC8}", "FolderName":"GridControl:CurrentCustomerRentsEdit-ActiveRentalsGrid", "Data":""},
 {"Oid":"{47b02e61-eb4e-44b7-8766-bd85dfa67fb8}", "FolderName":"GridControl:MovieCategoriesEdit-CategoriesGrid", "Data":""},
 {"Oid":"{48ab4873-af4f-4988-977c-d9af5597425c}", "FolderName":"LayoutControl:MovieCategoryEdit-MainLayoutControl", "Data":""},
 {"Oid":"{48d85e9a-45fc-4053-9490-63d3835050dc}", "FolderName":"GridControl:CompanyEdit-MoviesGrid", "Data":"\ufeff<XtraSerializer version=\"1.0\" application=\"GridControl\">\r\n  <property name=\"#LayoutVersion\" isnull=\"true\" />\r\n  <property name=\"$GridControl\" iskey=\"true\" value=\"GridControl\">\r\n    <property name=\"Columns\" iskey=\"true\" value=\"2\">\r\n      <property name=\"Item1\" isnull=\"true\" iskey=\"true\">\r\n        <property name=\"Name\">MovieColumn</property>\r\n        <property name=\"VisibleIndex\">0</property>\r\n        <property name=\"FieldName\">Movie!</property>\r\n        <property name=\"ActualWidth\">NaN</property>\r\n      </property>\r\n      <property name=\"Item2\" isnull=\"true\" iskey=\"true\">\r\n        <property name=\"Name\">DescriptionColumn</property>\r\n        <property name=\"VisibleIndex\">1</property>\r\n        <property name=\"FieldName\">Description</property>\r\n        <property name=\"ActualWidth\">NaN</property>\r\n      </property>\r\n    </property>\r\n    <property name=\"View\" isnull=\"true\" iskey=\"true\">\r\n      <property name=\"ColumnChooserState\" isnull=\"true\" iskey=\"true\">\r\n        <property name=\"Size\">220,250</property>\r\n        <property name=\"Location\">1476,483</property>\r\n      </property>\r\n    </property>\r\n    <property name=\"TotalSummary\" iskey=\"true\" value=\"0\" />\r\n    <property name=\"SortInfo\" iskey=\"true\" value=\"0\" />\r\n    <property name=\"GroupCount\">0</property>\r\n    <property name=\"GroupSummary\" iskey=\"true\" value=\"0\" />\r\n    <property name=\"MRUFilters\" iskey=\"true\" value=\"0\" />\r\n    <property name=\"GroupSummarySortInfo\" iskey=\"true\" value=\"0\" />\r\n  </property>\r\n</XtraSerializer>"},
 {"Oid":"{551f6081-e2c2-4e4b-ad6d-4c0bbf644c5b}", "FolderName":"LayoutControl:CurrentCustomerRentsEdit-MainLayoutControl", "Data":"\ufeff<?xml version=\"1.0\" encoding=\"utf-8\"?><LayoutControl ID=\"MainLayoutControl\" ItemSpace=\"12\" Orientation=\"Horizontal\" Padding=\"0\"><Element ID=\"CustomerInfoItem\" HorizontalAlignment=\"Left\" Width=\"320\" /><LayoutGroup ID=\"TabsGroup\" SelectedTabIndex=\"0\" View=\"Tabs\"><LayoutGroup ID=\"ReceiptsGroup\" Header=\"Receipts|From 15/3/2018 to 15/3/2019\" Orientation=\"Vertical\" VerticalAlignment=\"Stretch\"><Element ID=\"2\" VerticalAlignment=\"Stretch\" /><Element ID=\"3\" Height=\"140\" /></LayoutGroup><LayoutGroup ID=\"ActiveRentalsGroup\" Header=\"Active Rentals\"><Element ID=\"ActiveRentalsGrid\" /></LayoutGroup></LayoutGroup><AvailableItems /></LayoutControl>"},
 {"Oid":"{55E3E3DE-9A91-42A6-A734-1AEFE9676E8C}", "FolderName":"GridControl:CurrentCustomerRentsEdit-LateFeesGrid", "Data":""},
 {"Oid":"{5d164303-3ab1-48c8-ba2b-90dade0fcb73}", "FolderName":"LayoutControl:MovieCategoryPriceEdit-MainLayoutControl", "Data":""},
 {"Oid":"{5D461317-4956-4A92-9355-717DA23D55ED}", "FolderName":"GridControl:MovieCategoriesEdit-CategoriesGrid", "Data":""},
 {"Oid":"{6efb9f76-d562-43ec-8acf-3553acd8ffc1}", "FolderName":"LayoutControl:RentsViewOptionsEdit-MainLayoutControl", "Data":"\ufeff<?xml version=\"1.0\" encoding=\"utf-8\"?><LayoutControl ID=\"MainLayoutControl\" Orientation=\"Vertical\"><Element ID=\"1\" /><Element ID=\"2\" /><Element ID=\"3\" /><Element ID=\"4\" /><AvailableItems /></LayoutControl>"},
 {"Oid":"{71aeb0d7-e451-4dcc-a731-2a7a4d3f7039}", "FolderName":"GridControl:CustomersEdit-CustomersGrid", "Data":"\ufeff<XtraSerializer version=\"1.0\" application=\"GridControl\">\r\n  <property name=\"#LayoutVersion\" isnull=\"true\" />\r\n  <property name=\"$GridControl\" iskey=\"true\" value=\"GridControl\">\r\n    <property name=\"GroupSummary\" iskey=\"true\" value=\"0\" />\r\n    <property name=\"Columns\" iskey=\"true\" value=\"11\">\r\n      <property name=\"Item1\" isnull=\"true\" iskey=\"true\">\r\n        <property name=\"Name\">GenderColumn</property>\r\n        <property name=\"VisibleIndex\">0</property>\r\n        <property name=\"FieldName\">Gender</property>\r\n        <property name=\"Width\">36</property>\r\n        <property name=\"ActualWidth\">36</property>\r\n      </property>\r\n      <property name=\"Item2\" isnull=\"true\" iskey=\"true\">\r\n        <property name=\"Name\">CustomerIdColumn</property>\r\n        <property name=\"VisibleIndex\">1</property>\r\n        <property name=\"FieldName\">CustomerId</property>\r\n        <property name=\"Width\">51</property>\r\n        <property name=\"ActualWidth\">51</property>\r\n      </property>\r\n      <property name=\"Item3\" isnull=\"true\" iskey=\"true\">\r\n        <property name=\"Name\">FullNameColumn</property>\r\n        <property name=\"VisibleIndex\">2</property>\r\n        <property name=\"FieldName\">FullName</property>\r\n        <property name=\"Width\">135</property>\r\n        <property name=\"ActualWidth\">135</property>\r\n      </property>\r\n      <property name=\"Item4\" isnull=\"true\" iskey=\"true\">\r\n        <property name=\"Name\">FirstNameColumn</property>\r\n        <property name=\"Visible\">false</property>\r\n        <property name=\"FieldName\">FirstName</property>\r\n        <property name=\"ActualWidth\">NaN</property>\r\n      </property>\r\n      <property name=\"Item5\" isnull=\"true\" iskey=\"true\">\r\n        <property name=\"Name\">LastNameColumn</property>\r\n        <property name=\"Visible\">false</property>\r\n        <property name=\"FieldName\">LastName</property>\r\n        <property name=\"ActualWidth\">NaN</property>\r\n      </property>\r\n      <property name=\"Item6\" isnull=\"true\" iskey=\"true\">\r\n        <property name=\"Name\">MiddleNameColumn</property>\r\n        <property name=\"Visible\">false</property>\r\n        <property name=\"FieldName\">MiddleName</property>\r\n        <property name=\"ActualWidth\">NaN</property>\r\n      </property>\r\n      <property name=\"Item7\" isnull=\"true\" iskey=\"true\">\r\n        <property name=\"Name\">BirthDateColumn</property>\r\n        <property name=\"VisibleIndex\">3</property>\r\n        <property name=\"FieldName\">BirthDate</property>\r\n        <property name=\"Width\">64</property>\r\n        <property name=\"ActualWidth\">64</property>\r\n      </property>\r\n      <property name=\"Item8\" isnull=\"true\" iskey=\"true\">\r\n        <property name=\"Name\">AddressColumn</property>\r\n        <property name=\"VisibleIndex\">4</property>\r\n        <property name=\"FieldName\">Address</property>\r\n        <property name=\"Width\">300</property>\r\n        <property name=\"ActualWidth\">300</property>\r\n      </property>\r\n      <property name=\"Item9\" isnull=\"true\" iskey=\"true\">\r\n        <property name=\"Name\">PhoneColumn</property>\r\n        <property name=\"VisibleIndex\">5</property>\r\n        <property name=\"FieldName\">Phone</property>\r\n        <property name=\"Width\">89</property>\r\n        <property name=\"ActualWidth\">89</property>\r\n      </property>\r\n      <property name=\"Item10\" isnull=\"true\" iskey=\"true\">\r\n        <property name=\"Name\">PhotoColumn</property>\r\n        <property name=\"VisibleIndex\">6</property>\r\n        <property name=\"FieldName\">Photo</property>\r\n        <property name=\"Width\">50</property>\r\n        <property name=\"ActualWidth\">50</property>\r\n      </property>\r\n      <property name=\"Item11\" isnull=\"true\" iskey=\"true\">\r\n        <property name=\"Name\">CommentsColumn</property>\r\n        <property name=\"VisibleIndex\">7</property>\r\n        <property name=\"FieldName\">Comments</property>\r\n        <property name=\"Width\">50</property>\r\n        <property name=\"ActualWidth\">50</property>\r\n      </property>\r\n    </property>\r\n    <property name=\"View\" isnull=\"true\" iskey=\"true\">\r\n      <property name=\"ColumnChooserState\" isnull=\"true\" iskey=\"true\">\r\n        <property name=\"Location\">646,397</property>\r\n        <property name=\"Size\">220,250</property>\r\n      </property>\r\n    </property>\r\n    <property name=\"TotalSummary\" iskey=\"true\" value=\"0\" />\r\n    <property name=\"GroupCount\">0</property>\r\n    <property name=\"SortInfo\" iskey=\"true\" value=\"0\" />\r\n    <property name=\"MRUFilters\" iskey=\"true\" value=\"0\" />\r\n    <property name=\"GroupSummarySortInfo\" iskey=\"true\" value=\"0\" />\r\n  </property>\r\n</XtraSerializer>"},
 {"Oid":"{71E6C237-D49A-408B-9A66-FA48BEDE7577}", "FolderName":"GridControl:CustomersEdit-CustomersGrid", "Data":"\ufeff<XtraSerializer version=\"1.0\" application=\"GridControl\">\r\n  <property name=\"#LayoutVersion\" isnull=\"true\" />\r\n  <property name=\"$GridControl\" iskey=\"true\" value=\"GridControl\">\r\n    <property name=\"GroupSummary\" iskey=\"true\" value=\"0\" />\r\n    <property name=\"Columns\" iskey=\"true\" value=\"11\">\r\n      <property name=\"Item1\" isnull=\"true\" iskey=\"true\">\r\n        <property name=\"Name\">GenderColumn</property>\r\n        <property name=\"VisibleIndex\">0</property>\r\n        <property name=\"FieldName\">Gender</property>\r\n        <property name=\"Width\">36</property>\r\n        <property name=\"ActualWidth\">36</property>\r\n      </property>\r\n      <property name=\"Item2\" isnull=\"true\" iskey=\"true\">\r\n        <property name=\"Name\">CustomerIdColumn</property>\r\n        <property name=\"VisibleIndex\">1</property>\r\n        <property name=\"FieldName\">CustomerId</property>\r\n        <property name=\"Width\">51</property>\r\n        <property name=\"ActualWidth\">51</property>\r\n      </property>\r\n      <property name=\"Item3\" isnull=\"true\" iskey=\"true\">\r\n        <property name=\"Name\">FullNameColumn</property>\r\n        <property name=\"VisibleIndex\">2</property>\r\n        <property name=\"FieldName\">FullName</property>\r\n        <property name=\"Width\">135</property>\r\n        <property name=\"ActualWidth\">135</property>\r\n      </property>\r\n      <property name=\"Item4\" isnull=\"true\" iskey=\"true\">\r\n        <property name=\"Name\">FirstNameColumn</property>\r\n        <property name=\"Visible\">false</property>\r\n        <property name=\"FieldName\">FirstName</property>\r\n        <property name=\"ActualWidth\">NaN</property>\r\n      </property>\r\n      <property name=\"Item5\" isnull=\"true\" iskey=\"true\">\r\n        <property name=\"Name\">LastNameColumn</property>\r\n        <property name=\"Visible\">false</property>\r\n        <property name=\"FieldName\">LastName</property>\r\n        <property name=\"ActualWidth\">NaN</property>\r\n      </property>\r\n      <property name=\"Item6\" isnull=\"true\" iskey=\"true\">\r\n        <property name=\"Name\">MiddleNameColumn</property>\r\n        <property name=\"Visible\">false</property>\r\n        <property name=\"FieldName\">MiddleName</property>\r\n        <property name=\"ActualWidth\">NaN</property>\r\n      </property>\r\n      <property name=\"Item7\" isnull=\"true\" iskey=\"true\">\r\n        <property name=\"Name\">BirthDateColumn</property>\r\n        <property name=\"VisibleIndex\">3</property>\r\n        <property name=\"FieldName\">BirthDate</property>\r\n        <property name=\"Width\">64</property>\r\n        <property name=\"ActualWidth\">64</property>\r\n      </property>\r\n      <property name=\"Item8\" isnull=\"true\" iskey=\"true\">\r\n        <property name=\"Name\">AddressColumn</property>\r\n        <property name=\"VisibleIndex\">4</property>\r\n        <property name=\"FieldName\">Address</property>\r\n        <property name=\"Width\">300</property>\r\n        <property name=\"ActualWidth\">300</property>\r\n      </property>\r\n      <property name=\"Item9\" isnull=\"true\" iskey=\"true\">\r\n        <property name=\"Name\">PhoneColumn</property>\r\n        <property name=\"VisibleIndex\">5</property>\r\n        <property name=\"FieldName\">Phone</property>\r\n        <property name=\"Width\">89</property>\r\n        <property name=\"ActualWidth\">89</property>\r\n      </property>\r\n      <property name=\"Item10\" isnull=\"true\" iskey=\"true\">\r\n        <property name=\"Name\">PhotoColumn</property>\r\n        <property name=\"VisibleIndex\">6</property>\r\n        <property name=\"FieldName\">Photo</property>\r\n        <property name=\"Width\">50</property>\r\n        <property name=\"ActualWidth\">50</property>\r\n      </property>\r\n      <property name=\"Item11\" isnull=\"true\" iskey=\"true\">\r\n        <property name=\"Name\">CommentsColumn</property>\r\n        <property name=\"VisibleIndex\">7</property>\r\n        <property name=\"FieldName\">Comments</property>\r\n        <property name=\"Width\">50</property>\r\n        <property name=\"ActualWidth\">50</property>\r\n      </property>\r\n    </property>\r\n    <property name=\"View\" isnull=\"true\" iskey=\"true\">\r\n      <property name=\"ColumnChooserState\" isnull=\"true\" iskey=\"true\">\r\n        <property name=\"Location\">1476,607</property>\r\n        <property name=\"Size\">220,250</property>\r\n      </property>\r\n    </property>\r\n    <property name=\"TotalSummary\" iskey=\"true\" value=\"0\" />\r\n    <property name=\"GroupCount\">0</property>\r\n    <property name=\"SortInfo\" iskey=\"true\" value=\"0\" />\r\n    <property name=\"MRUFilters\" iskey=\"true\" value=\"0\" />\r\n    <property name=\"GroupSummarySortInfo\" iskey=\"true\" value=\"0\" />\r\n  </property>\r\n</XtraSerializer>"},
 {"Oid":"{7260E41F-0611-42A1-9FAD-95DCE2E443CD}", "FolderName":"LayoutControl:CustomersViewOptionsEdit-MainLayoutControl", "Data":"\ufeff<?xml version=\"1.0\" encoding=\"utf-8\"?><LayoutGroup ID=\"MainLayoutControl\" Orientation=\"Vertical\"><Element ID=\"1\" /><Element ID=\"2\" /><Element ID=\"3\" /><Element ID=\"4\" /><Element ID=\"5\" /></LayoutGroup>"},
 {"Oid":"{73131191-670D-405E-900E-4E410EE69019}", "FolderName":"GridControl:CompaniesEdit-CompaniesGrid", "Data":""},
 {"Oid":"{77BA0B1F-5A62-4301-9B36-1F6FA0A0B63A}", "FolderName":"DockLayoutManager:MoviesList-DockLayoutManager", "Data":""},
 {"Oid":"{7bd78332-1f04-41ef-9b0b-d83cd6626688}", "FolderName":"LayoutControl:CustomerEdit-MainLayoutControl", "Data":"\ufeff<?xml version=\"1.0\" encoding=\"utf-8\"?><LayoutControl ID=\"MainLayoutControl\" Orientation=\"Vertical\" Padding=\"0\"><LayoutGroup Orientation=\"Horizontal\"><Element ID=\"16\" HorizontalAlignment=\"Left\" VerticalAlignment=\"Stretch\" Width=\"370\" /><LayoutGroup Orientation=\"Vertical\"><Element ID=\"11\" Label=\"First Name:\" /><Element ID=\"12\" Label=\"Middle Name:\" /><Element ID=\"13\" Label=\"Last Name:\" /><LayoutGroup Orientation=\"Horizontal\"><Element ID=\"9\" Label=\"Gender:\" /><Element ID=\"10\" Label=\"Birth Date:\" /></LayoutGroup><LayoutGroup ID=\"15\" SelectedTabIndex=\"0\" View=\"Tabs\"><LayoutGroup ID=\"7\" Header=\"Address\" Orientation=\"Vertical\"><Element ID=\"4\" VerticalAlignment=\"Top\" Label=\"Phone:\" /><Element ID=\"5\" VerticalAlignment=\"Stretch\" Label=\"Address:\" /><Element ID=\"6\" VerticalAlignment=\"Bottom\" Label=\"Email:\" /></LayoutGroup><LayoutGroup ID=\"8\" Header=\"Discount\" Orientation=\"Vertical\"><Element ID=\"1\" VerticalAlignment=\"Top\" Label=\"Discount Level:\" /><Element ID=\"2\" VerticalAlignment=\"Top\" Label=\"Discount:\" /><Element ID=\"3\" VerticalAlignment=\"Bottom\" /></LayoutGroup></LayoutGroup></LayoutGroup></LayoutGroup><Element ID=\"19\" Height=\"150\" Label=\"Comments\" /><AvailableItems /></LayoutControl>"},
 {"Oid":"{7fcc240c-84c2-44ed-9384-51e9e694af11}", "FolderName":"GridControl:CurrentCustomerRentsEdit-ReceiptsGrid", "Data":"\ufeff<XtraSerializer version=\"1.0\" application=\"GridControl\">\r\n  <property name=\"#LayoutVersion\" isnull=\"true\" />\r\n  <property name=\"$GridControl\" iskey=\"true\" value=\"GridControl\">\r\n    <property name=\"Columns\" iskey=\"true\" value=\"5\">\r\n      <property name=\"Item1\" isnull=\"true\" iskey=\"true\">\r\n        <property name=\"Name\">ReceiptIdColumn</property>\r\n        <property name=\"VisibleIndex\">0</property>\r\n        <property name=\"FieldName\">ReceiptId</property>\r\n        <property name=\"ActualWidth\">NaN</property>\r\n      </property>\r\n      <property name=\"Item2\" isnull=\"true\" iskey=\"true\">\r\n        <property name=\"Name\">TypeColumn</property>\r\n        <property name=\"VisibleIndex\">1</property>\r\n        <property name=\"FieldName\">Type</property>\r\n        <property name=\"ActualWidth\">NaN</property>\r\n      </property>\r\n      <property name=\"Item3\" isnull=\"true\" iskey=\"true\">\r\n        <property name=\"Name\">DateColumn</property>\r\n        <property name=\"VisibleIndex\">2</property>\r\n        <property name=\"FieldName\">Date</property>\r\n        <property name=\"ActualWidth\">NaN</property>\r\n      </property>\r\n      <property name=\"Item4\" isnull=\"true\" iskey=\"true\">\r\n        <property name=\"Name\">DiscountColumn</property>\r\n        <property name=\"VisibleIndex\">3</property>\r\n        <property name=\"FieldName\">Discount</property>\r\n        <property name=\"ActualWidth\">NaN</property>\r\n      </property>\r\n      <property name=\"Item5\" isnull=\"true\" iskey=\"true\">\r\n        <property name=\"Name\">PaymentColumn</property>\r\n        <property name=\"VisibleIndex\">4</property>\r\n        <property name=\"FieldName\">Payment</property>\r\n        <property name=\"ActualWidth\">NaN</property>\r\n      </property>\r\n    </property>\r\n    <property name=\"View\" isnull=\"true\" iskey=\"true\">\r\n      <property name=\"ColumnChooserState\" isnull=\"true\" iskey=\"true\">\r\n        <property name=\"Size\">220,250</property>\r\n        <property name=\"Location\">316,231</property>\r\n      </property>\r\n    </property>\r\n    <property name=\"TotalSummary\" iskey=\"true\" value=\"3\">\r\n      <property name=\"Item1\" isnull=\"true\" iskey=\"true\">\r\n        <property name=\"SummaryType\">Count</property>\r\n        <property name=\"FieldName\">ReceiptId</property>\r\n      </property>\r\n      <property name=\"Item2\" isnull=\"true\" iskey=\"true\">\r\n        <property name=\"DisplayFormat\">C</property>\r\n        <property name=\"SummaryType\">Sum</property>\r\n        <property name=\"FieldName\">Payment</property>\r\n      </property>\r\n      <property name=\"Item3\" isnull=\"true\" iskey=\"true\">\r\n        <property name=\"DisplayFormat\">C</property>\r\n        <property name=\"SummaryType\">Sum</property>\r\n        <property name=\"FieldName\">Discount</property>\r\n      </property>\r\n    </property>\r\n    <property name=\"SortInfo\" iskey=\"true\" value=\"1\">\r\n      <property name=\"Item1\" isnull=\"true\" iskey=\"true\">\r\n        <property name=\"SortOrder\">Ascending</property>\r\n        <property name=\"FieldName\">Type</property>\r\n      </property>\r\n    </property>\r\n    <property name=\"GroupCount\">1</property>\r\n    <property name=\"GroupSummary\" iskey=\"true\" value=\"2\">\r\n      <property name=\"Item1\" isnull=\"true\" iskey=\"true\">\r\n        <property name=\"DisplayFormat\">Payment = {0:c}</property>\r\n        <property name=\"SummaryType\">Sum</property>\r\n        <property name=\"FieldName\">Payment</property>\r\n      </property>\r\n      <property name=\"Item2\" isnull=\"true\" iskey=\"true\">\r\n        <property name=\"DisplayFormat\">Discount = {0:c}</property>\r\n        <property name=\"SummaryType\">Sum</property>\r\n        <property name=\"FieldName\">Discount</property>\r\n      </property>\r\n    </property>\r\n    <property name=\"MRUFilters\" iskey=\"true\" value=\"0\" />\r\n    <property name=\"GroupSummarySortInfo\" iskey=\"true\" value=\"0\" />\r\n  </property>\r\n</XtraSerializer>"},
 {"Oid":"{805447e4-2f27-4360-b1ba-3486d1d96d5f}", "FolderName":"LayoutControl:MovieCategoriesEdit-MainLayoutControl", "Data":""},
 {"Oid":"{8211920F-E4DF-484C-97B1-0B1411990B0D}", "FolderName":"GridControl:CompanyMoviesEdit-DetailMoviesGrid", "Data":""},
 {"Oid":"{8A1593BF-52D2-4BAF-99C8-E6D7B3102922}", "FolderName":"LayoutControl:MovieCategoryPriceEdit-MainLayoutControl", "Data":""},
 {"Oid":"{8F633277-73F9-45FE-A926-C56EA02EA22F}", "FolderName":"LayoutControl:MovieCategoriesEdit-MainLayoutControl", "Data":""},
 {"Oid":"{9D8E6DD7-AE11-4C03-9860-4524297BFA6F}", "FolderName":"LayoutControl:CustomerEdit-MainLayoutControl", "Data":"\ufeff<?xml version=\"1.0\" encoding=\"utf-8\"?><LayoutControl ID=\"MainLayoutControl\" Orientation=\"Vertical\" Padding=\"0\"><LayoutGroup Orientation=\"Horizontal\"><Element ID=\"16\" HorizontalAlignment=\"Left\" VerticalAlignment=\"Stretch\" Width=\"370\" /><LayoutGroup Orientation=\"Vertical\"><Element ID=\"11\" Label=\"First Name:\" /><Element ID=\"12\" Label=\"Middle Name:\" /><Element ID=\"13\" Label=\"Last Name:\" /><LayoutGroup Orientation=\"Horizontal\"><Element ID=\"9\" Label=\"Gender:\" /><Element ID=\"10\" Label=\"Birth Date:\" /></LayoutGroup><LayoutGroup ID=\"15\" View=\"Tabs\"><LayoutGroup ID=\"7\" Header=\"Address\" Orientation=\"Vertical\"><Element ID=\"4\" VerticalAlignment=\"Top\" Label=\"Phone:\" /><Element ID=\"5\" VerticalAlignment=\"Stretch\" Label=\"Address:\" /><Element ID=\"6\" VerticalAlignment=\"Bottom\" Label=\"Email:\" /></LayoutGroup><LayoutGroup ID=\"8\" Header=\"Discount\" Orientation=\"Vertical\"><Element ID=\"1\" VerticalAlignment=\"Top\" Label=\"Discount Level:\" /><Element ID=\"2\" VerticalAlignment=\"Top\" Label=\"Discount:\" /><Element ID=\"3\" VerticalAlignment=\"Bottom\" /></LayoutGroup></LayoutGroup></LayoutGroup></LayoutGroup><Element ID=\"19\" Height=\"150\" Label=\"Comments\" /><AvailableItems /></LayoutControl>"},
 {"Oid":"{A3AFA8C2-9116-4114-866F-1DB1AAA714B9}", "FolderName":"DockLayoutManager:CompaniesList-DockLayoutManager", "Data":""},
 {"Oid":"{a6f283e6-121c-456b-bbff-9f0395c8af6e}", "FolderName":"Window:MainWindow-Window", "Data":"1382:744:Maximized"},
 {"Oid":"{BBAC5E8E-CA4F-4AE4-A397-7606C0FCA2B5}", "FolderName":"GridControl:CurrentCustomerRentsEdit-RentalsGrid", "Data":""},
 {"Oid":"{BD22E5EC-A7DE-4BC5-A036-BC0091C5CDF6}", "FolderName":"LayoutControl:CurrentCustomerRentsEdit-MainLayoutControl", "Data":""},
 {"Oid":"{be97fddc-a83a-43b7-96a4-13ec923d3ccb}", "FolderName":"RibbonControl:MainWindow-RibbonControl", "Data":"<Null>_\\x_mscorlib, Version=4.0.0.0, Culture=neutral, PublicKeyToken=b77a5c561934e089_\\\\\\x_System.String_\\\\\\x_DevE\\\\\\\\\\\\\\\\\\\\\\\\\\\\\\\\\\\\\\\\\\\\\\\\\\\\\\\\\\\\\\xpress.Xpf.Core.v13.1, Version=13.1.5.0, Culture=neutral, PublicKeyToken=b88d1754d700e49a_\\\\\\\\\\\\\\\\\\\\\\\\\\\\\\x_DevE\\\\\\\\\\\\\\\\\\\\\\\\\\\\\\\\\\\\\\\\\\\\\\\\\\\\\\\\\\\\\\xpress.Xpf.Bars.BarButtonItem_\\\\\\\\\\\\\\x_mscorlib, Version=4.0.0.0, Culture=neutral, PublicKeyToken=b77a5c561934e089_\\\\\\\\\\\\\\\\\\\\\\\\\\\\\\x_System.String_\\\\\\\\\\\\\\\\\\\\\\\\\\\\\\x_Refresh_\\\\\\\\\\\\\\x_eDevE\\\\\\\\\\\\\\\\\\\\\\\\\\\\\\xpress.VideoRent.Resources, Version=1.0.0.0, Culture=neutral, PublicKeyToken=null\\\\\\\\\\\\\\\\\\\\\\\\\\\\\\\\/SingleImages/Refresh_16\\\\\\\\\\\\\\\\\\\\\\\\\\\\\\x16.png\\\\\\\\\\\\\\\\\\\\\\\\\\\\\\\\/True_\\\\\\\\\\\\\\x_eDevE\\\\\\\\\\\\\\\\\\\\\\\\\\\\\\xpress.VideoRent.Resources, Version=1.0.0.0, Culture=neutral, PublicKeyToken=null\\\\\\\\\\\\\\\\\\\\\\\\\\\\\\\\/SingleImages/Refresh_32\\\\\\\\\\\\\\\\\\\\\\\\\\\\\\x32.png\\\\\\\\\\\\\\\\\\\\\\\\\\\\\\\\/True_\\\\\\\\\\\\\\x_<Null>_\\\\\\\\\\\\\\x_PresentationFramework, Version=4.0.0.0, Culture=neutral, PublicKeyToken=31bf3856ad364e35_\\\\\\\\\\\\\\\\\\\\\\\\\\\\\\x_System.Windows.Controls.Dock_\\\\\\\\\\\\\\\\\\\\\\\\\\\\\\x_Left_\\\\\\\\\\\\\\x_<Null>_x_<Null>_\\x_mscorlib, Version=4.0.0.0, Culture=neutral, PublicKeyToken=b77a5c561934e089_\\\\\\x_System.String_\\\\\\x_DevE\\\\\\\\\\\\\\\\\\\\\\\\\\\\\\\\\\\\\\\\\\\\\\\\\\\\\\\\\\\\\\xpress.Xpf.Core.v13.1, Version=13.1.5.0, Culture=neutral, PublicKeyToken=b88d1754d700e49a_\\\\\\\\\\\\\\\\\\\\\\\\\\\\\\x_DevE\\\\\\\\\\\\\\\\\\\\\\\\\\\\\\\\\\\\\\\\\\\\\\\\\\\\\\\\\\\\\\xpress.Xpf.Bars.BarButtonItem_\\\\\\\\\\\\\\x_mscorlib, Version=4.0.0.0, Culture=neutral, PublicKeyToken=b77a5c561934e089_\\\\\\\\\\\\\\\\\\\\\\\\\\\\\\x_System.String_\\\\\\\\\\\\\\\\\\\\\\\\\\\\\\x_Close Detail Views_\\\\\\\\\\\\\\x_eDevE\\\\\\\\\\\\\\\\\\\\\\\\\\\\\\xpress.VideoRent.Resources, Version=1.0.0.0, Culture=neutral, PublicKeyToken=null\\\\\\\\\\\\\\\\\\\\\\\\\\\\\\\\/SingleImages/CloseDetails_16\\\\\\\\\\\\\\\\\\\\\\\\\\\\\\x16.png\\\\\\\\\\\\\\\\\\\\\\\\\\\\\\\\/True_\\\\\\\\\\\\\\x_eDevE\\\\\\\\\\\\\\\\\\\\\\\\\\\\\\xpress.VideoRent.Resources, Version=1.0.0.0, Culture=neutral, PublicKeyToken=null\\\\\\\\\\\\\\\\\\\\\\\\\\\\\\\\/SingleImages/CloseDetails_32\\\\\\\\\\\\\\\\\\\\\\\\\\\\\\x32.png\\\\\\\\\\\\\\\\\\\\\\\\\\\\\\\\/True_\\\\\\\\\\\\\\x_<Null>_\\\\\\\\\\\\\\x_PresentationFramework, Version=4.0.0.0, Culture=neutral, PublicKeyToken=31bf3856ad364e35_\\\\\\\\\\\\\\\\\\\\\\\\\\\\\\x_System.Windows.Controls.Dock_\\\\\\\\\\\\\\\\\\\\\\\\\\\\\\x_Left_\\\\\\\\\\\\\\x_<Null>_x_<Null>_\\x_mscorlib, Version=4.0.0.0, Culture=neutral, PublicKeyToken=b77a5c561934e089_\\\\\\x_System.String_\\\\\\x_DevE\\\\\\\\\\\\\\\\\\\\\\\\\\\\\\\\\\\\\\\\\\\\\\\\\\\\\\\\\\\\\\xpress.Xpf.Core.v13.1, Version=13.1.5.0, Culture=neutral, PublicKeyToken=b88d1754d700e49a_\\\\\\\\\\\\\\\\\\\\\\\\\\\\\\x_DevE\\\\\\\\\\\\\\\\\\\\\\\\\\\\\\\\\\\\\\\\\\\\\\\\\\\\\\\\\\\\\\xpress.Xpf.Bars.BarButtonItem_\\\\\\\\\\\\\\x_mscorlib, Version=4.0.0.0, Culture=neutral, PublicKeyToken=b77a5c561934e089_\\\\\\\\\\\\\\\\\\\\\\\\\\\\\\x_System.String_\\\\\\\\\\\\\\\\\\\\\\\\\\\\\\x_Edit_\\\\\\\\\\\\\\x_eDevE\\\\\\\\\\\\\\\\\\\\\\\\\\\\\\xpress.VideoRent.Resources, Version=1.0.0.0, Culture=neutral, PublicKeyToken=null\\\\\\\\\\\\\\\\\\\\\\\\\\\\\\\\/SingleImages/Edit_16\\\\\\\\\\\\\\\\\\\\\\\\\\\\\\x16.png\\\\\\\\\\\\\\\\\\\\\\\\\\\\\\\\/True_\\\\\\\\\\\\\\x_eDevE\\\\\\\\\\\\\\\\\\\\\\\\\\\\\\xpress.VideoRent.Resources, Version=1.0.0.0, Culture=neutral, PublicKeyToken=null\\\\\\\\\\\\\\\\\\\\\\\\\\\\\\\\/SingleImages/Edit_32\\\\\\\\\\\\\\\\\\\\\\\\\\\\\\x32.png\\\\\\\\\\\\\\\\\\\\\\\\\\\\\\\\/True_\\\\\\\\\\\\\\x_<Null>_\\\\\\\\\\\\\\x_PresentationFramework, Version=4.0.0.0, Culture=neutral, PublicKeyToken=31bf3856ad364e35_\\\\\\\\\\\\\\\\\\\\\\\\\\\\\\x_System.Windows.Controls.Dock_\\\\\\\\\\\\\\\\\\\\\\\\\\\\\\x_Left_\\\\\\\\\\\\\\x_<Null>_x_<Null>_\\x_mscorlib, Version=4.0.0.0, Culture=neutral, PublicKeyToken=b77a5c561934e089_\\\\\\x_System.String_\\\\\\x_DevE\\\\\\\\\\\\\\\\\\\\\\\\\\\\\\\\\\\\\\\\\\\\\\\\\\\\\\\\\\\\\\xpress.Xpf.Core.v13.1, Version=13.1.5.0, Culture=neutral, PublicKeyToken=b88d1754d700e49a_\\\\\\\\\\\\\\\\\\\\\\\\\\\\\\x_DevE\\\\\\\\\\\\\\\\\\\\\\\\\\\\\\\\\\\\\\\\\\\\\\\\\\\\\\\\\\\\\\xpress.Xpf.Bars.BarButtonItem_\\\\\\\\\\\\\\x_<Null>_\\\\\\\\\\\\\\x_eDevE\\\\\\\\\\\\\\\\\\\\\\\\\\\\\\xpress.VideoRent.Resources, Version=1.0.0.0, Culture=neutral, PublicKeyToken=null\\\\\\\\\\\\\\\\\\\\\\\\\\\\\\\\/SingleImages/Home_16\\\\\\\\\\\\\\\\\\\\\\\\\\\\\\x16.png\\\\\\\\\\\\\\\\\\\\\\\\\\\\\\\\/True_\\\\\\\\\\\\\\x_eDevE\\\\\\\\\\\\\\\\\\\\\\\\\\\\\\xpress.VideoRent.Resources, Version=1.0.0.0, Culture=neutral, PublicKeyToken=null\\\\\\\\\\\\\\\\\\\\\\\\\\\\\\\\/SingleImages/Home_32\\\\\\\\\\\\\\\\\\\\\\\\\\\\\\x32.png\\\\\\\\\\\\\\\\\\\\\\\\\\\\\\\\/True_\\\\\\\\\\\\\\x_<Null>_\\\\\\\\\\\\\\x_PresentationFramework, Version=4.0.0.0, Culture=neutral, PublicKeyToken=31bf3856ad364e35_\\\\\\\\\\\\\\\\\\\\\\\\\\\\\\x_System.Windows.Controls.Dock_\\\\\\\\\\\\\\\\\\\\\\\\\\\\\\x_Left_\\\\\\\\\\\\\\x_mscorlib, Version=4.0.0.0, Culture=neutral, PublicKeyToken=b77a5c561934e089_\\\\\\\\\\\\\\\\\\\\\\\\\\\\\\x_System.String_\\\\\\\\\\\\\\\\\\\\\\\\\\\\\\x_Home_x_<Null>_\\x_mscorlib, Version=4.0.0.0, Culture=neutral, PublicKeyToken=b77a5c561934e089_\\\\\\x_System.String_\\\\\\x_DevE\\\\\\\\\\\\\\\\\\\\\\\\\\\\\\\\\\\\\\\\\\\\\\\\\\\\\\\\\\\\\\xpress.Xpf.Core.v13.1, Version=13.1.5.0, Culture=neutral, PublicKeyToken=b88d1754d700e49a_\\\\\\\\\\\\\\\\\\\\\\\\\\\\\\x_DevE\\\\\\\\\\\\\\\\\\\\\\\\\\\\\\\\\\\\\\\\\\\\\\\\\\\\\\\\\\\\\\xpress.Xpf.Bars.BarButtonItem_\\\\\\\\\\\\\\x_mscorlib, Version=4.0.0.0, Culture=neutral, PublicKeyToken=b77a5c561934e089_\\\\\\\\\\\\\\\\\\\\\\\\\\\\\\x_System.String_\\\\\\\\\\\\\\\\\\\\\\\\\\\\\\x_Save_\\\\\\\\\\\\\\x_eDevE\\\\\\\\\\\\\\\\\\\\\\\\\\\\\\xpress.VideoRent.Resources, Version=1.0.0.0, Culture=neutral, PublicKeyToken=null\\\\\\\\\\\\\\\\\\\\\\\\\\\\\\\\/SingleImages/Save_16\\\\\\\\\\\\\\\\\\\\\\\\\\\\\\x16.png\\\\\\\\\\\\\\\\\\\\\\\\\\\\\\\\/True_\\\\\\\\\\\\\\x_eDevE\\\\\\\\\\\\\\\\\\\\\\\\\\\\\\xpress.VideoRent.Resources, Version=1.0.0.0, Culture=neutral, PublicKeyToken=null\\\\\\\\\\\\\\\\\\\\\\\\\\\\\\\\/SingleImages/Save_32\\\\\\\\\\\\\\\\\\\\\\\\\\\\\\x32.png\\\\\\\\\\\\\\\\\\\\\\\\\\\\\\\\/True_\\\\\\\\\\\\\\x_<Null>_\\\\\\\\\\\\\\x_PresentationFramework, Version=4.0.0.0, Culture=neutral, PublicKeyToken=31bf3856ad364e35_\\\\\\\\\\\\\\\\\\\\\\\\\\\\\\x_System.Windows.Controls.Dock_\\\\\\\\\\\\\\\\\\\\\\\\\\\\\\x_Left_\\\\\\\\\\\\\\x_<Null>_x_<Null>_\\x_mscorlib, Version=4.0.0.0, Culture=neutral, PublicKeyToken=b77a5c561934e089_\\\\\\x_System.String_\\\\\\x_DevE\\\\\\\\\\\\\\\\\\\\\\\\\\\\\\\\\\\\\\\\\\\\\\\\\\\\\\\\\\\\\\xpress.Xpf.Core.v13.1, Version=13.1.5.0, Culture=neutral, PublicKeyToken=b88d1754d700e49a_\\\\\\\\\\\\\\\\\\\\\\\\\\\\\\x_DevE\\\\\\\\\\\\\\\\\\\\\\\\\\\\\\\\\\\\\\\\\\\\\\\\\\\\\\\\\\\\\\xpress.Xpf.Bars.BarButtonItem_\\\\\\\\\\\\\\x_mscorlib, Version=4.0.0.0, Culture=neutral, PublicKeyToken=b77a5c561934e089_\\\\\\\\\\\\\\\\\\\\\\\\\\\\\\x_System.String_\\\\\\\\\\\\\\\\\\\\\\\\\\\\\\x_Save and Close_\\\\\\\\\\\\\\x_eDevE\\\\\\\\\\\\\\\\\\\\\\\\\\\\\\xpress.VideoRent.Resources, Version=1.0.0.0, Culture=neutral, PublicKeyToken=null\\\\\\\\\\\\\\\\\\\\\\\\\\\\\\\\/SingleImages/SaveAndClose_16\\\\\\\\\\\\\\\\\\\\\\\\\\\\\\x16.png\\\\\\\\\\\\\\\\\\\\\\\\\\\\\\\\/True_\\\\\\\\\\\\\\x_eDevE\\\\\\\\\\\\\\\\\\\\\\\\\\\\\\xpress.VideoRent.Resources, Version=1.0.0.0, Culture=neutral, PublicKeyToken=null\\\\\\\\\\\\\\\\\\\\\\\\\\\\\\\\/SingleImages/SaveAndClose_32\\\\\\\\\\\\\\\\\\\\\\\\\\\\\\x32.png\\\\\\\\\\\\\\\\\\\\\\\\\\\\\\\\/True_\\\\\\\\\\\\\\x_<Null>_\\\\\\\\\\\\\\x_PresentationFramework, Version=4.0.0.0, Culture=neutral, PublicKeyToken=31bf3856ad364e35_\\\\\\\\\\\\\\\\\\\\\\\\\\\\\\x_System.Windows.Controls.Dock_\\\\\\\\\\\\\\\\\\\\\\\\\\\\\\x_Left_\\\\\\\\\\\\\\x_<Null>_x_<Null>_\\x_mscorlib, Version=4.0.0.0, Culture=neutral, PublicKeyToken=b77a5c561934e089_\\\\\\x_System.String_\\\\\\x_DevE\\\\\\\\\\\\\\\\\\\\\\\\\\\\\\\\\\\\\\\\\\\\\\\\\\\\\\\\\\\\\\xpress.Xpf.Core.v13.1, Version=13.1.5.0, Culture=neutral, PublicKeyToken=b88d1754d700e49a_\\\\\\\\\\\\\\\\\\\\\\\\\\\\\\x_DevE\\\\\\\\\\\\\\\\\\\\\\\\\\\\\\\\\\\\\\\\\\\\\\\\\\\\\\\\\\\\\\xpress.Xpf.Bars.BarButtonItem_\\\\\\\\\\\\\\x_mscorlib, Version=4.0.0.0, Culture=neutral, PublicKeyToken=b77a5c561934e089_\\\\\\\\\\\\\\\\\\\\\\\\\\\\\\x_System.String_\\\\\\\\\\\\\\\\\\\\\\\\\\\\\\x_Close_\\\\\\\\\\\\\\x_eDevE\\\\\\\\\\\\\\\\\\\\\\\\\\\\\\xpress.VideoRent.Resources, Version=1.0.0.0, Culture=neutral, PublicKeyToken=null\\\\\\\\\\\\\\\\\\\\\\\\\\\\\\\\/SingleImages/Close_16\\\\\\\\\\\\\\\\\\\\\\\\\\\\\\x16.png\\\\\\\\\\\\\\\\\\\\\\\\\\\\\\\\/True_\\\\\\\\\\\\\\x_eDevE\\\\\\\\\\\\\\\\\\\\\\\\\\\\\\xpress.VideoRent.Resources, Version=1.0.0.0, Culture=neutral, PublicKeyToken=null\\\\\\\\\\\\\\\\\\\\\\\\\\\\\\\\/SingleImages/Close_32\\\\\\\\\\\\\\\\\\\\\\\\\\\\\\x32.png\\\\\\\\\\\\\\\\\\\\\\\\\\\\\\\\/True_\\\\\\\\\\\\\\x_<Null>_\\\\\\\\\\\\\\x_PresentationFramework, Version=4.0.0.0, Culture=neutral, PublicKeyToken=31bf3856ad364e35_\\\\\\\\\\\\\\\\\\\\\\\\\\\\\\x_System.Windows.Controls.Dock_\\\\\\\\\\\\\\\\\\\\\\\\\\\\\\x_Left_\\\\\\\\\\\\\\x_<Null>"},
 {"Oid":"{C0CD5A45-590F-4CBA-B09D-33A42D6560BA}", "FolderName":"GridControl:CurrentCustomerRentsEdit-PurchasesGrid", "Data":""},
 {"Oid":"{c41191d8-43fe-4c72-8438-8eb97660dd76}", "FolderName":"DockLayoutManager:MoviesList-DockLayoutManager", "Data":"\ufeff<XtraSerializer version=\"1.0\" application=\"DockLayoutManager\">\r\n  <property name=\"#LayoutVersion\" isnull=\"true\" />\r\n  <property name=\"$DockLayoutManager\" iskey=\"true\" value=\"DockLayoutManager\">\r\n    <property name=\"ManualClosedPanelsBarVisibility\">false</property>\r\n    <property name=\"Items\" iskey=\"true\" value=\"3\">\r\n      <property name=\"Item1\" isnull=\"true\" iskey=\"true\">\r\n        <property name=\"Background\">#00FFFFFF</property>\r\n        <property name=\"ParentName\" isnull=\"true\" />\r\n        <property name=\"TypeName\">LayoutGroup</property>\r\n        <property name=\"SerializableDockSituation\" iskey=\"true\" value=\"0\" />\r\n        <property name=\"ParentCollectionName\" isnull=\"true\" />\r\n        <property name=\"Orientation\">Horizontal</property>\r\n        <property name=\"SerializableSelectedTabPageIndex\">-1</property>\r\n        <property name=\"Name\">dockItem1</property>\r\n      </property>\r\n      <property name=\"Item2\" isnull=\"true\" iskey=\"true\">\r\n        <property name=\"ShowCaption\">false</property>\r\n        <property name=\"SerializableDockSituation\" iskey=\"true\" value=\"0\" />\r\n        <property name=\"ParentCollectionName\" isnull=\"true\" />\r\n        <property name=\"TypeName\">LayoutPanel</property>\r\n        <property name=\"ParentName\">dockItem1</property>\r\n        <property name=\"Background\">#00FFFFFF</property>\r\n        <property name=\"ItemWidth\">0.95448275862069*</property>\r\n        <property name=\"SerializableFloatingOffset\">0,0</property>\r\n        <property name=\"ShowBorder\">false</property>\r\n        <property name=\"Name\">dockItem2</property>\r\n        <property name=\"Caption\" type=\"System.String\">Movies</property>\r\n      </property>\r\n      <property name=\"Item3\" isnull=\"true\" iskey=\"true\">\r\n        <property name=\"SerializableDockSituation\" iskey=\"true\" value=\"0\" />\r\n        <property name=\"ParentCollectionName\" isnull=\"true\" />\r\n        <property name=\"ShowCloseButton\">false</property>\r\n        <property name=\"TypeName\">LayoutPanel</property>\r\n        <property name=\"ParentName\">dockItem1</property>\r\n        <property name=\"AllowClose\">false</property>\r\n        <property name=\"Background\">#00FFFFFF</property>\r\n        <property name=\"ItemWidth\">316</property>\r\n        <property name=\"SerializableFloatingOffset\">0,0</property>\r\n        <property name=\"Name\">MoviePicturesPanel</property>\r\n        <property name=\"Caption\" type=\"System.String\">Photo Gallery (3)</property>\r\n      </property>\r\n    </property>\r\n  </property>\r\n</XtraSerializer>"},
 {"Oid":"{c6979afe-19ec-4d4f-9968-1a4393d345c0}", "FolderName":"GridControl:CompaniesEdit-CompaniesGrid", "Data":"\ufeff<XtraSerializer version=\"1.0\" application=\"GridControl\">\r\n  <property name=\"#LayoutVersion\" isnull=\"true\" />\r\n  <property name=\"$GridControl\" iskey=\"true\" value=\"GridControl\">\r\n    <property name=\"GroupCount\">0</property>\r\n    <property name=\"SortInfo\" iskey=\"true\" value=\"0\" />\r\n    <property name=\"Columns\" iskey=\"true\" value=\"5\">\r\n      <property name=\"Item1\" isnull=\"true\" iskey=\"true\">\r\n        <property name=\"Name\">NameColumn</property>\r\n        <property name=\"VisibleIndex\">0</property>\r\n        <property name=\"FieldName\">Name</property>\r\n        <property name=\"Width\">300</property>\r\n        <property name=\"ActualWidth\">300</property>\r\n      </property>\r\n      <property name=\"Item2\" isnull=\"true\" iskey=\"true\">\r\n        <property name=\"Name\">CountryColumn</property>\r\n        <property name=\"VisibleIndex\">1</property>\r\n        <property name=\"FieldName\">Country!</property>\r\n        <property name=\"Width\">50</property>\r\n        <property name=\"ActualWidth\">50</property>\r\n      </property>\r\n      <property name=\"Item3\" isnull=\"true\" iskey=\"true\">\r\n        <property name=\"Name\">TypeColumn</property>\r\n        <property name=\"VisibleIndex\">2</property>\r\n        <property name=\"FieldName\">Type!</property>\r\n        <property name=\"Width\">100</property>\r\n        <property name=\"ActualWidth\">100</property>\r\n      </property>\r\n      <property name=\"Item4\" isnull=\"true\" iskey=\"true\">\r\n        <property name=\"Name\">WebSiteColumn</property>\r\n        <property name=\"VisibleIndex\">3</property>\r\n        <property name=\"FieldName\">WebSite</property>\r\n        <property name=\"Width\">150</property>\r\n        <property name=\"ActualWidth\">150</property>\r\n      </property>\r\n      <property name=\"Item5\" isnull=\"true\" iskey=\"true\">\r\n        <property name=\"Name\">FlagColumn</property>\r\n        <property name=\"VisibleIndex\">4</property>\r\n        <property name=\"FieldName\">Country!.Flag</property>\r\n        <property name=\"Width\">30</property>\r\n        <property name=\"ActualWidth\">30</property>\r\n      </property>\r\n    </property>\r\n    <property name=\"View\" isnull=\"true\" iskey=\"true\">\r\n      <property name=\"ColumnChooserState\" isnull=\"true\" iskey=\"true\">\r\n        <property name=\"Location\">1476,607</property>\r\n        <property name=\"Size\">220,250</property>\r\n      </property>\r\n    </property>\r\n    <property name=\"TotalSummary\" iskey=\"true\" value=\"0\" />\r\n    <property name=\"GroupSummary\" iskey=\"true\" value=\"0\" />\r\n    <property name=\"MRUFilters\" iskey=\"true\" value=\"0\" />\r\n    <property name=\"GroupSummarySortInfo\" iskey=\"true\" value=\"0\" />\r\n  </property>\r\n</XtraSerializer>"},
 {"Oid":"{cd4e30f3-6ec5-4679-afb7-54c361e5f7ab}", "FolderName":"GridControl:MoviesEdit-MoviesGrid", "Data":"\ufeff<XtraSerializer version=\"1.0\" application=\"GridControl\">\r\n  <property name=\"#LayoutVersion\" isnull=\"true\" />\r\n  <property name=\"$GridControl\" iskey=\"true\" value=\"GridControl\">\r\n    <property name=\"View\" isnull=\"true\" iskey=\"true\">\r\n      <property name=\"ColumnChooserState\" isnull=\"true\" iskey=\"true\">\r\n        <property name=\"Size\">220,250</property>\r\n        <property name=\"Location\">1222,607</property>\r\n      </property>\r\n      <property name=\"ShowGroupPanel\">false</property>\r\n    </property>\r\n    <property name=\"Columns\" iskey=\"true\" value=\"16\">\r\n      <property name=\"Item1\" isnull=\"true\" iskey=\"true\">\r\n        <property name=\"Visible\">false</property>\r\n        <property name=\"FieldName\">MovieIndexInfo</property>\r\n        <property name=\"ActualWidth\">NaN</property>\r\n      </property>\r\n      <property name=\"Item2\" isnull=\"true\" iskey=\"true\">\r\n        <property name=\"Name\">TitleColumn</property>\r\n        <property name=\"VisibleIndex\">0</property>\r\n        <property name=\"FieldName\">Title</property>\r\n        <property name=\"Width\">214</property>\r\n        <property name=\"ActualWidth\">214</property>\r\n      </property>\r\n      <property name=\"Item3\" isnull=\"true\" iskey=\"true\">\r\n        <property name=\"Visible\">false</property>\r\n        <property name=\"FieldName\">Genre</property>\r\n        <property name=\"ActualWidth\">NaN</property>\r\n      </property>\r\n      <property name=\"Item4\" isnull=\"true\" iskey=\"true\">\r\n        <property name=\"Name\">GenreColumn</property>\r\n        <property name=\"VisibleIndex\">1</property>\r\n        <property name=\"FieldName\">GenreConverted</property>\r\n        <property name=\"Width\">150</property>\r\n        <property name=\"ActualWidth\">150</property>\r\n      </property>\r\n      <property name=\"Item5\" isnull=\"true\" iskey=\"true\">\r\n        <property name=\"Name\">RatingColumn</property>\r\n        <property name=\"VisibleIndex\">2</property>\r\n        <property name=\"FieldName\">Rating</property>\r\n        <property name=\"Width\">88</property>\r\n        <property name=\"ActualWidth\">88</property>\r\n      </property>\r\n      <property name=\"Item6\" isnull=\"true\" iskey=\"true\">\r\n        <property name=\"Name\">TaglineColumn</property>\r\n        <property name=\"Visible\">false</property>\r\n        <property name=\"FieldName\">Tagline</property>\r\n        <property name=\"ActualWidth\">NaN</property>\r\n      </property>\r\n      <property name=\"Item7\" isnull=\"true\" iskey=\"true\">\r\n        <property name=\"Name\">ReleaseDateColumn</property>\r\n        <property name=\"Visible\">false</property>\r\n        <property name=\"FieldName\">ReleaseDate</property>\r\n        <property name=\"ActualWidth\">NaN</property>\r\n      </property>\r\n      <property name=\"Item8\" isnull=\"true\" iskey=\"true\">\r\n        <property name=\"Name\">WebSiteColumn</property>\r\n        <property name=\"Visible\">false</property>\r\n        <property name=\"FieldName\">WebSite</property>\r\n        <property name=\"ActualWidth\">NaN</property>\r\n      </property>\r\n      <property name=\"Item9\" isnull=\"true\" iskey=\"true\">\r\n        <property name=\"Name\">RunTimeColumn</property>\r\n        <property name=\"VisibleIndex\">3</property>\r\n        <property name=\"FieldName\">RunTime</property>\r\n        <property name=\"Width\">110</property>\r\n        <property name=\"ActualWidth\">110</property>\r\n      </property>\r\n      <property name=\"Item10\" isnull=\"true\" iskey=\"true\">\r\n        <property name=\"Name\">IsColorColumn</property>\r\n        <property name=\"VisibleIndex\">4</property>\r\n        <property name=\"FieldName\">IsColor</property>\r\n        <property name=\"Width\">76</property>\r\n        <property name=\"ActualWidth\">76</property>\r\n      </property>\r\n      <property name=\"Item11\" isnull=\"true\" iskey=\"true\">\r\n        <property name=\"Name\">PlotColumn</property>\r\n        <property name=\"Visible\">false</property>\r\n        <property name=\"FieldName\">Plot</property>\r\n        <property name=\"ActualWidth\">NaN</property>\r\n      </property>\r\n      <property name=\"Item12\" isnull=\"true\" iskey=\"true\">\r\n        <property name=\"Name\">AwardsColumn</property>\r\n        <property name=\"Visible\">false</property>\r\n        <property name=\"FieldName\">Awards</property>\r\n        <property name=\"ActualWidth\">NaN</property>\r\n      </property>\r\n      <property name=\"Item13\" isnull=\"true\" iskey=\"true\">\r\n        <property name=\"Name\">LanguageColumn</property>\r\n        <property name=\"Visible\">false</property>\r\n        <property name=\"FieldName\">Language!</property>\r\n        <property name=\"ActualWidth\">NaN</property>\r\n      </property>\r\n      <property name=\"Item14\" isnull=\"true\" iskey=\"true\">\r\n        <property name=\"Name\">AspectRatioColumn</property>\r\n        <property name=\"Visible\">false</property>\r\n        <property name=\"FieldName\">AspectRatio</property>\r\n        <property name=\"ActualWidth\">NaN</property>\r\n      </property>\r\n      <property name=\"Item15\" isnull=\"true\" iskey=\"true\">\r\n        <property name=\"Name\">CountriesColumn</property>\r\n        <property name=\"VisibleIndex\">5</property>\r\n        <property name=\"FieldName\">Countries</property>\r\n        <property name=\"Width\">116</property>\r\n        <property name=\"ActualWidth\">116</property>\r\n      </property>\r\n      <property name=\"Item16\" isnull=\"true\" iskey=\"true\">\r\n        <property name=\"VisibleIndex\">6</property>\r\n        <property name=\"FieldName\">Photo</property>\r\n        <property name=\"Width\">100</property>\r\n        <property name=\"ActualWidth\">100</property>\r\n      </property>\r\n    </property>\r\n    <property name=\"SortInfo\" iskey=\"true\" value=\"0\" />\r\n    <property name=\"GroupCount\">0</property>\r\n    <property name=\"TotalSummary\" iskey=\"true\" value=\"0\" />\r\n    <property name=\"GroupSummary\" iskey=\"true\" value=\"0\" />\r\n    <property name=\"MRUFilters\" iskey=\"true\" value=\"0\" />\r\n    <property name=\"GroupSummarySortInfo\" iskey=\"true\" value=\"0\" />\r\n  </property>\r\n</XtraSerializer>"},
 {"Oid":"{CFF789D4-FFEB-4437-93F0-04A92ED9EADD}", "FolderName":"LayoutControl:MovieCategoryEdit-MainLayoutControl", "Data":""},
 {"Oid":"{D0E08184-4B96-483B-8FC3-9CAFB9D9D636}", "FolderName":"GridControl:ArtistsEdit-ArtistsGrid", "Data":""},
 {"Oid":"{d4755ac7-9d19-4392-a03f-8c8e6b02d75b}", "FolderName":"GridControl:CurrentCustomerRentsEdit-ActiveRentalsGrid", "Data":"\ufeff<XtraSerializer version=\"1.0\" application=\"GridControl\">\r\n  <property name=\"#LayoutVersion\" isnull=\"true\" />\r\n  <property name=\"$GridControl\" iskey=\"true\" value=\"GridControl\">\r\n    <property name=\"View\" isnull=\"true\" iskey=\"true\">\r\n      <property name=\"ColumnChooserState\" isnull=\"true\" iskey=\"true\">\r\n        <property name=\"Size\">220,250</property>\r\n        <property name=\"Location\">1700,0</property>\r\n      </property>\r\n      <property name=\"ShowGroupPanel\">false</property>\r\n    </property>\r\n    <property name=\"Columns\" iskey=\"true\" value=\"9\">\r\n      <property name=\"Item1\" isnull=\"true\" iskey=\"true\">\r\n        <property name=\"Name\">SelectActiveColumn</property>\r\n        <property name=\"VisibleIndex\">0</property>\r\n        <property name=\"FieldName\">SelectActiveRental</property>\r\n        <property name=\"ActualWidth\">NaN</property>\r\n      </property>\r\n      <property name=\"Item2\" isnull=\"true\" iskey=\"true\">\r\n        <property name=\"Name\">ActiveRentalTypeColumn</property>\r\n        <property name=\"VisibleIndex\">1</property>\r\n        <property name=\"FieldName\">ActiveRentalType</property>\r\n        <property name=\"ActualWidth\">NaN</property>\r\n      </property>\r\n      <property name=\"Item3\" isnull=\"true\" iskey=\"true\">\r\n        <property name=\"Name\">RentIdColumn</property>\r\n        <property name=\"VisibleIndex\">2</property>\r\n        <property name=\"FieldName\">RentId</property>\r\n        <property name=\"Width\">86</property>\r\n        <property name=\"ActualWidth\">86</property>\r\n      </property>\r\n      <property name=\"Item4\" isnull=\"true\" iskey=\"true\">\r\n        <property name=\"Name\">MovieTitleColumn</property>\r\n        <property name=\"VisibleIndex\">3</property>\r\n        <property name=\"FieldName\">MovieTitle</property>\r\n        <property name=\"ActualWidth\">NaN</property>\r\n      </property>\r\n      <property name=\"Item5\" isnull=\"true\" iskey=\"true\">\r\n        <property name=\"Name\">ItemFormatColumn</property>\r\n        <property name=\"VisibleIndex\">4</property>\r\n        <property name=\"FieldName\">ItemFormat</property>\r\n        <property name=\"ActualWidth\">NaN</property>\r\n      </property>\r\n      <property name=\"Item6\" isnull=\"true\" iskey=\"true\">\r\n        <property name=\"Name\">RentedOnColumn</property>\r\n        <property name=\"VisibleIndex\">5</property>\r\n        <property name=\"FieldName\">RentedOn</property>\r\n        <property name=\"Width\">79</property>\r\n        <property name=\"ActualWidth\">79</property>\r\n      </property>\r\n      <property name=\"Item7\" isnull=\"true\" iskey=\"true\">\r\n        <property name=\"Name\">DaysColumn</property>\r\n        <property name=\"VisibleIndex\">6</property>\r\n        <property name=\"FieldName\">Days</property>\r\n        <property name=\"Width\">51</property>\r\n        <property name=\"ActualWidth\">51</property>\r\n      </property>\r\n      <property name=\"Item8\" isnull=\"true\" iskey=\"true\">\r\n        <property name=\"Name\">OverdueColumn</property>\r\n        <property name=\"VisibleIndex\">7</property>\r\n        <property name=\"FieldName\">Overdue</property>\r\n        <property name=\"ActualWidth\">NaN</property>\r\n      </property>\r\n      <property name=\"Item9\" isnull=\"true\" iskey=\"true\">\r\n        <property name=\"Name\">ActivePaymentColumn</property>\r\n        <property name=\"VisibleIndex\">8</property>\r\n        <property name=\"FieldName\">Payment</property>\r\n        <property name=\"Width\">69</property>\r\n        <property name=\"ActualWidth\">69</property>\r\n      </property>\r\n    </property>\r\n    <property name=\"SortInfo\" iskey=\"true\" value=\"0\" />\r\n    <property name=\"GroupCount\">0</property>\r\n    <property name=\"TotalSummary\" iskey=\"true\" value=\"0\" />\r\n    <property name=\"GroupSummary\" iskey=\"true\" value=\"0\" />\r\n    <property name=\"MRUFilters\" iskey=\"true\" value=\"0\" />\r\n    <property name=\"GroupSummarySortInfo\" iskey=\"true\" value=\"0\" />\r\n  </property>\r\n</XtraSerializer>"},
 {"Oid":"{dab508ec-08ef-4efc-a1f1-161eed9a52f5}", "FolderName":"GridControl:CompanyMoviesEdit-DetailMoviesGrid", "Data":"\ufeff<XtraSerializer version=\"1.0\" application=\"GridControl\">\r\n  <property name=\"#LayoutVersion\" isnull=\"true\" />\r\n  <property name=\"$GridControl\" iskey=\"true\" value=\"GridControl\">\r\n    <property name=\"View\" isnull=\"true\" iskey=\"true\">\r\n      <property name=\"ColumnChooserState\" isnull=\"true\" iskey=\"true\">\r\n        <property name=\"Size\">220,250</property>\r\n        <property name=\"Location\">1480,0</property>\r\n      </property>\r\n      <property name=\"ShowGroupPanel\">false</property>\r\n    </property>\r\n    <property name=\"Columns\" iskey=\"true\" value=\"1\">\r\n      <property name=\"Item1\" isnull=\"true\" iskey=\"true\">\r\n        <property name=\"Visible\">false</property>\r\n        <property name=\"FieldName\">MovieIndexInfo</property>\r\n        <property name=\"ActualWidth\">NaN</property>\r\n      </property>\r\n    </property>\r\n    <property name=\"SortInfo\" iskey=\"true\" value=\"0\" />\r\n    <property name=\"GroupCount\">0</property>\r\n    <property name=\"TotalSummary\" iskey=\"true\" value=\"0\" />\r\n    <property name=\"GroupSummary\" iskey=\"true\" value=\"0\" />\r\n    <property name=\"MRUFilters\" iskey=\"true\" value=\"0\" />\r\n    <property name=\"GroupSummarySortInfo\" iskey=\"true\" value=\"0\" />\r\n  </property>\r\n</XtraSerializer>"},
 {"Oid":"{dd9d51b0-350e-4c77-897a-3a54850e708c}", "FolderName":"GridControl:CurrentCustomerRentsEdit-RentalsGrid", "Data":"\ufeff<XtraSerializer version=\"1.0\" application=\"GridControl\">\r\n  <property name=\"#LayoutVersion\" isnull=\"true\" />\r\n  <property name=\"$GridControl\" iskey=\"true\" value=\"GridControl\">\r\n    <property name=\"View\" isnull=\"true\" iskey=\"true\">\r\n      <property name=\"ShowGroupPanel\">false</property>\r\n      <property name=\"ColumnChooserState\" isnull=\"true\" iskey=\"true\">\r\n        <property name=\"Size\">220,250</property>\r\n        <property name=\"Location\">1146,0</property>\r\n      </property>\r\n    </property>\r\n    <property name=\"Columns\" iskey=\"true\" value=\"6\">\r\n      <property name=\"Item1\" isnull=\"true\" iskey=\"true\">\r\n        <property name=\"Name\">RentalsGridRentIdColumn</property>\r\n        <property name=\"VisibleIndex\">0</property>\r\n        <property name=\"FieldName\">RentId</property>\r\n        <property name=\"Width\">86</property>\r\n        <property name=\"ActualWidth\">86</property>\r\n      </property>\r\n      <property name=\"Item2\" isnull=\"true\" iskey=\"true\">\r\n        <property name=\"Name\">RentalsGridMovieInfoColumn</property>\r\n        <property name=\"VisibleIndex\">1</property>\r\n        <property name=\"FieldName\">MovieInfo</property>\r\n        <property name=\"ActualWidth\">NaN</property>\r\n      </property>\r\n      <property name=\"Item3\" isnull=\"true\" iskey=\"true\">\r\n        <property name=\"Name\">RentalsGridRentedOnColumn</property>\r\n        <property name=\"VisibleIndex\">2</property>\r\n        <property name=\"FieldName\">RentedOn</property>\r\n        <property name=\"Width\">79</property>\r\n        <property name=\"ActualWidth\">79</property>\r\n      </property>\r\n      <property name=\"Item4\" isnull=\"true\" iskey=\"true\">\r\n        <property name=\"Name\">RentalsGridDaysColumn</property>\r\n        <property name=\"VisibleIndex\">3</property>\r\n        <property name=\"FieldName\">Days</property>\r\n        <property name=\"Width\">51</property>\r\n        <property name=\"ActualWidth\">51</property>\r\n      </property>\r\n      <property name=\"Item5\" isnull=\"true\" iskey=\"true\">\r\n        <property name=\"Name\">RentalsGridAciveColumn</property>\r\n        <property name=\"VisibleIndex\">4</property>\r\n        <property name=\"FieldName\">Active</property>\r\n        <property name=\"Width\">69</property>\r\n        <property name=\"ActualWidth\">69</property>\r\n      </property>\r\n      <property name=\"Item6\" isnull=\"true\" iskey=\"true\">\r\n        <property name=\"Name\">RentalsGridPaymentColumn</property>\r\n        <property name=\"VisibleIndex\">5</property>\r\n        <property name=\"FieldName\">Payment</property>\r\n        <property name=\"Width\">69</property>\r\n        <property name=\"ActualWidth\">69</property>\r\n      </property>\r\n    </property>\r\n    <property name=\"SortInfo\" iskey=\"true\" value=\"0\" />\r\n    <property name=\"GroupCount\">0</property>\r\n    <property name=\"TotalSummary\" iskey=\"true\" value=\"0\" />\r\n    <property name=\"GroupSummary\" iskey=\"true\" value=\"0\" />\r\n    <property name=\"MRUFilters\" iskey=\"true\" value=\"0\" />\r\n    <property name=\"GroupSummarySortInfo\" iskey=\"true\" value=\"0\" />\r\n  </property>\r\n</XtraSerializer>"},
 {"Oid":"{E2607CBB-EF2D-45CC-9E9E-0CCF8D96C7D6}", "FolderName":"Window:MainWindow-Window", "Data":"1936:1056:Maximized"},
 {"Oid":"{ec0f88a8-dca0-4781-8c6c-514ae4c60c5b}", "FolderName":"DockLayoutManager:ArtistsList-DockLayoutManager", "Data":""},
 {"Oid":"{f5db51c3-0473-4cc9-ad59-d37d415db195}", "FolderName":"GridControl:CurrentCustomerRentsEdit-PurchasesGrid", "Data":"\ufeff<XtraSerializer version=\"1.0\" application=\"GridControl\">\r\n  <property name=\"#LayoutVersion\" isnull=\"true\" />\r\n  <property name=\"$GridControl\" iskey=\"true\" value=\"GridControl\">\r\n    <property name=\"View\" isnull=\"true\" iskey=\"true\">\r\n      <property name=\"ShowGroupPanel\">false</property>\r\n      <property name=\"ColumnChooserState\" isnull=\"true\" iskey=\"true\">\r\n        <property name=\"Size\">220,250</property>\r\n        <property name=\"Location\">1146,0</property>\r\n      </property>\r\n    </property>\r\n    <property name=\"Columns\" iskey=\"true\" value=\"3\">\r\n      <property name=\"Item1\" isnull=\"true\" iskey=\"true\">\r\n        <property name=\"Name\">PurchasesGridRentIdColumn</property>\r\n        <property name=\"VisibleIndex\">0</property>\r\n        <property name=\"FieldName\">RentId</property>\r\n        <property name=\"ActualWidth\">NaN</property>\r\n      </property>\r\n      <property name=\"Item2\" isnull=\"true\" iskey=\"true\">\r\n        <property name=\"Name\">PurchasesGridMovieInfoColumn</property>\r\n        <property name=\"VisibleIndex\">1</property>\r\n        <property name=\"FieldName\">MovieInfo</property>\r\n        <property name=\"ActualWidth\">NaN</property>\r\n      </property>\r\n      <property name=\"Item3\" isnull=\"true\" iskey=\"true\">\r\n        <property name=\"Name\">PurchasesGridPaymentColumn</property>\r\n        <property name=\"VisibleIndex\">2</property>\r\n        <property name=\"FieldName\">Payment</property>\r\n        <property name=\"ActualWidth\">NaN</property>\r\n      </property>\r\n    </property>\r\n    <property name=\"SortInfo\" iskey=\"true\" value=\"0\" />\r\n    <property name=\"GroupCount\">0</property>\r\n    <property name=\"TotalSummary\" iskey=\"true\" value=\"0\" />\r\n    <property name=\"GroupSummary\" iskey=\"true\" value=\"0\" />\r\n    <property name=\"MRUFilters\" iskey=\"true\" value=\"0\" />\r\n    <property name=\"GroupSummarySortInfo\" iskey=\"true\" value=\"0\" />\r\n  </property>\r\n</XtraSerializer>"},
 {"Oid":"{fccdf84a-5087-4e55-ab26-7e2eb08d3e50}", "FolderName":"GridControl:CurrentCustomerRentsEdit-LateFeesGrid", "Data":"\ufeff<XtraSerializer version=\"1.0\" application=\"GridControl\">\r\n  <property name=\"#LayoutVersion\" isnull=\"true\" />\r\n  <property name=\"$GridControl\" iskey=\"true\" value=\"GridControl\">\r\n    <property name=\"View\" isnull=\"true\" iskey=\"true\">\r\n      <property name=\"ShowGroupPanel\">false</property>\r\n      <property name=\"ColumnChooserState\" isnull=\"true\" iskey=\"true\">\r\n        <property name=\"Size\">220,250</property>\r\n        <property name=\"Location\">0,0</property>\r\n      </property>\r\n    </property>\r\n    <property name=\"Columns\" iskey=\"true\" value=\"4\">\r\n      <property name=\"Item1\" isnull=\"true\" iskey=\"true\">\r\n        <property name=\"Name\">LateFeesGridRentIdColumn</property>\r\n        <property name=\"VisibleIndex\">0</property>\r\n        <property name=\"FieldName\">RentId</property>\r\n        <property name=\"ActualWidth\">NaN</property>\r\n      </property>\r\n      <property name=\"Item2\" isnull=\"true\" iskey=\"true\">\r\n        <property name=\"Name\">LateFeesGridMovieInfoColumn</property>\r\n        <property name=\"VisibleIndex\">1</property>\r\n        <property name=\"FieldName\">MovieInfo</property>\r\n        <property name=\"ActualWidth\">NaN</property>\r\n      </property>\r\n      <property name=\"Item3\" isnull=\"true\" iskey=\"true\">\r\n        <property name=\"Name\">LateFeesGridOverdueColumn</property>\r\n        <property name=\"VisibleIndex\">2</property>\r\n        <property name=\"FieldName\">Overdue</property>\r\n        <property name=\"ActualWidth\">NaN</property>\r\n      </property>\r\n      <property name=\"Item4\" isnull=\"true\" iskey=\"true\">\r\n        <property name=\"Name\">LateFeesGridOverduePaymentColumn</property>\r\n        <property name=\"VisibleIndex\">3</property>\r\n        <property name=\"FieldName\">OverduePayment</property>\r\n        <property name=\"ActualWidth\">NaN</property>\r\n      </property>\r\n    </property>\r\n    <property name=\"SortInfo\" iskey=\"true\" value=\"0\" />\r\n    <property name=\"GroupCount\">0</property>\r\n    <property name=\"TotalSummary\" iskey=\"true\" value=\"0\" />\r\n    <property name=\"GroupSummary\" iskey=\"true\" value=\"0\" />\r\n    <property name=\"MRUFilters\" iskey=\"true\" value=\"0\" />\r\n    <property name=\"GroupSummarySortInfo\" iskey=\"true\" value=\"0\" />\r\n  </property>\r\n</XtraSerializer>"}]